Domain Code,Domain,AreaCode,AreaName,ElementCode,ElementName,ItemCode,ItemName,Year,Value,Flag,FlagD
RL,Land,1,Armenia,5110,Area,6601,Land area,2012,2847000,Q,Official data reported on FAO Questionnaires from countries
RL,Land,2,Afghanistan,5110,Area,6601,Land area,2012,65286000,Fm,Manual Estimation
RL,Land,3,Albania,5110,Area,6601,Land area,2012,2740000,Q,Official data reported on FAO Questionnaires from countries
RL,Land,4,Algeria,5110,Area,6601,Land area,2012,238174000,W,Data reported on country official publications or web sites (Official) or trade country files
RL,Land,5,American Samoa,5110,Area,6601,Land area,2012,20000,W,Data reported on country official publications or web sites (Official) or trade country files
RL,Land,6,Andorra,5110,Area,6601,Land area,2012,47000,W,Data reported on country official publications or web sites (Official) or trade country files
RL,Land,7,Angola,5110,Area,6601,Land area,2012,124670000,W,Data reported on country official publications or web sites (Official) or trade country files
RL,Land,8,Antigua and Barbuda,5110,Area,6601,Land area,2012,44000,W,Data reported on country official publications or web sites (Official) or trade country files
RL,Land,9,Argentina,5110,Area,6601,Land area,2012,273669000,Fm,Manual Estimation
RL,Land,10,Australia,5110,Area,6601,Land area,2012,768230000,Q,Official data reported on FAO Questionnaires from countries
RL,Land,11,Austria,5110,Area,6601,Land area,2012,8254000,Q,Official data reported on FAO Questionnaires from countries
RL,Land,12,Bahamas,5110,Area,6601,Land area,2012,1001000,Fm,Manual Estimation
RL,Land,13,Bahrain,5110,Area,6601,Land area,2012,77000,W,Data reported on country official publications or web sites (Official) or trade country files
RL,Land,14,Barbados,5110,Area,6601,Land area,2012,43000,W,Data reported on country official publications or web sites (Official) or trade country files
RL,Land,16,Bangladesh,5110,Area,6601,Land area,2012,13017000,Fm,Manual Estimation
RL,Land,17,Bermuda,5110,Area,6601,Land area,2012,5000,W,Data reported on country official publications or web sites (Official) or trade country files
RL,Land,18,Bhutan,5110,Area,6601,Land area,2012,3811700,W,Data reported on country official publications or web sites (Official) or trade country files
RL,Land,19,Bolivia (Plurinational State of),5110,Area,6601,Land area,2012,108330000,Fm,Manual Estimation
RL,Land,20,Botswana,5110,Area,6601,Land area,2012,56673000,Fm,Manual Estimation
RL,Land,21,Brazil,5110,Area,6601,Land area,2012,835814000,Fm,Manual Estimation
RL,Land,22,Aruba,5110,Area,6601,Land area,2012,18000,W,Data reported on country official publications or web sites (Official) or trade country files
RL,Land,23,Belize,5110,Area,6601,Land area,2012,2281000,Fm,Manual Estimation
RL,Land,25,Solomon Islands,5110,Area,6601,Land area,2012,2799000,Fm,Manual Estimation
RL,Land,26,Brunei Darussalam,5110,Area,6601,Land area,2012,527000,Fm,Manual Estimation
RL,Land,27,Bulgaria,5110,Area,6601,Land area,2012,10856000,Fm,Manual Estimation
RL,Land,28,Myanmar,5110,Area,6601,Land area,2012,65315000,Q,Official data reported on FAO Questionnaires from countries
RL,Land,29,Burundi,5110,Area,6601,Land area,2012,2568000,Fm,Manual Estimation
RL,Land,32,Cameroon,5110,Area,6601,Land area,2012,47271000,Fm,Manual Estimation
RL,Land,33,Canada,5110,Area,6601,Land area,2012,909351000,Q,Official data reported on FAO Questionnaires from countries
RL,Land,35,Cabo Verde,5110,Area,6601,Land area,2012,403000,Q,Official data reported on FAO Questionnaires from countries
RL,Land,36,Cayman Islands,5110,Area,6601,Land area,2012,24000,W,Data reported on country official publications or web sites (Official) or trade country files
RL,Land,37,Central African Republic,5110,Area,6601,Land area,2012,62298000,W,Data reported on country official publications or web sites (Official) or trade country files
RL,Land,38,Sri Lanka,5110,Area,6601,Land area,2012,6271000,W,Data reported on country official publications or web sites (Official) or trade country files
RL,Land,39,Chad,5110,Area,6601,Land area,2012,125920000,Fm,Manual Estimation
RL,Land,40,Chile,5110,Area,6601,Land area,2012,74353200,Q,Official data reported on FAO Questionnaires from countries
RL,Land,41,"China, mainland",5110,Area,6601,Land area,2012,938821100,Fm,Manual Estimation
RL,Land,44,Colombia,5110,Area,6601,Land area,2012,110950000,Q,Official data reported on FAO Questionnaires from countries
RL,Land,45,Comoros,5110,Area,6601,Land area,2012,186100,W,Data reported on country official publications or web sites (Official) or trade country files
RL,Land,46,Congo,5110,Area,6601,Land area,2012,34150000,Fm,Manual Estimation
RL,Land,47,Cook Islands,5110,Area,6601,Land area,2012,24000,W,Data reported on country official publications or web sites (Official) or trade country files
RL,Land,48,Costa Rica,5110,Area,6601,Land area,2012,5106000,Fm,Manual Estimation
RL,Land,49,Cuba,5110,Area,6601,Land area,2012,10644900,Q,Official data reported on FAO Questionnaires from countries
RL,Land,50,Cyprus,5110,Area,6601,Land area,2012,924000,Q,Official data reported on FAO Questionnaires from countries
RL,Land,52,Azerbaijan,5110,Area,6601,Land area,2012,8265800,Q,Official data reported on FAO Questionnaires from countries
RL,Land,53,Benin,5110,Area,6601,Land area,2012,11276000,Fm,Manual Estimation
RL,Land,54,Denmark,5110,Area,6601,Land area,2012,4243000,Fm,Manual Estimation
RL,Land,55,Dominica,5110,Area,6601,Land area,2012,75000,W,Data reported on country official publications or web sites (Official) or trade country files
RL,Land,56,Dominican Republic,5110,Area,6601,Land area,2012,4832000,Fm,Manual Estimation
RL,Land,57,Belarus,5110,Area,6601,Land area,2012,20291000,Fm,Manual Estimation
RL,Land,58,Ecuador,5110,Area,6601,Land area,2012,24836000,Q,Official data reported on FAO Questionnaires from countries
RL,Land,59,Egypt,5110,Area,6601,Land area,2012,99545000,Q,Official data reported on FAO Questionnaires from countries
RL,Land,60,El Salvador,5110,Area,6601,Land area,2012,2072000,Fm,Manual Estimation
RL,Land,61,Equatorial Guinea,5110,Area,6601,Land area,2012,2805000,W,Data reported on country official publications or web sites (Official) or trade country files
RL,Land,63,Estonia,5110,Area,6601,Land area,2012,4239000,Q,Official data reported on FAO Questionnaires from countries
RL,Land,64,Faroe Islands,5110,Area,6601,Land area,2012,139600,W,Data reported on country official publications or web sites (Official) or trade country files
RL,Land,65,Falkland Islands (Malvinas),5110,Area,6601,Land area,2012,1217000,W,Data reported on country official publications or web sites (Official) or trade country files
RL,Land,66,Fiji,5110,Area,6601,Land area,2012,1827000,Fm,Manual Estimation
RL,Land,67,Finland,5110,Area,6601,Land area,2012,30389000,Q,Official data reported on FAO Questionnaires from countries
RL,Land,68,France,5110,Area,6601,Land area,2012,54756100,Fm,Manual Estimation
RL,Land,69,French Guiana,5110,Area,6601,Land area,2012,8220000,Fm,Manual Estimation
RL,Land,70,French Polynesia,5110,Area,6601,Land area,2012,366000,Fm,Manual Estimation
RL,Land,72,Djibouti,5110,Area,6601,Land area,2012,2318000,Fm,Manual Estimation
RL,Land,73,Georgia,5110,Area,6601,Land area,2012,6949000,Fm,Manual Estimation
RL,Land,74,Gabon,5110,Area,6601,Land area,2012,25767000,W,Data reported on country official publications or web sites (Official) or trade country files
RL,Land,75,Gambia,5110,Area,6601,Land area,2012,1012000,Q,Official data reported on FAO Questionnaires from countries
RL,Land,79,Germany,5110,Area,6601,Land area,2012,34854000,Q,Official data reported on FAO Questionnaires from countries
RL,Land,80,Bosnia and Herzegovina,5110,Area,6601,Land area,2012,5120000,Q,Official data reported on FAO Questionnaires from countries
RL,Land,81,Ghana,5110,Area,6601,Land area,2012,22754000,Fm,Manual Estimation
RL,Land,82,Gibraltar,5110,Area,6601,Land area,2012,1000,W,Data reported on country official publications or web sites (Official) or trade country files
RL,Land,83,Kiribati,5110,Area,6601,Land area,2012,81000,Fm,Manual Estimation
RL,Land,84,Greece,5110,Area,6601,Land area,2012,12890000,Fm,Manual Estimation
RL,Land,85,Greenland,5110,Area,6601,Land area,2012,41045000,W,Data reported on country official publications or web sites (Official) or trade country files
RL,Land,86,Grenada,5110,Area,6601,Land area,2012,34000,W,Data reported on country official publications or web sites (Official) or trade country files
RL,Land,87,Guadeloupe,5110,Area,6601,Land area,2012,169000,Fm,Manual Estimation
RL,Land,88,Guam,5110,Area,6601,Land area,2012,54000,W,Data reported on country official publications or web sites (Official) or trade country files
RL,Land,89,Guatemala,5110,Area,6601,Land area,2012,10716000,Fm,Manual Estimation
RL,Land,90,Guinea,5110,Area,6601,Land area,2012,24572000,Fm,Manual Estimation
RL,Land,91,Guyana,5110,Area,6601,Land area,2012,19685000,Fm,Manual Estimation
RL,Land,93,Haiti,5110,Area,6601,Land area,2012,2756000,Fm,Manual Estimation
RL,Land,95,Honduras,5110,Area,6601,Land area,2012,11189000,Fm,Manual Estimation
RL,Land,96,"China, Hong Kong SAR",5110,Area,6601,Land area,2012,105000,Fm,Manual Estimation
RL,Land,97,Hungary,5110,Area,6601,Land area,2012,9053000,Q,Official data reported on FAO Questionnaires from countries
RL,Land,98,Croatia,5110,Area,6601,Land area,2012,5596000,Q,Official data reported on FAO Questionnaires from countries
RL,Land,99,Iceland,5110,Area,6601,Land area,2012,10025000,Q,Official data reported on FAO Questionnaires from countries
RL,Land,100,India,5110,Area,6601,Land area,2012,297319000,Fm,Manual Estimation
RL,Land,101,Indonesia,5110,Area,6601,Land area,2012,181157000,Fm,Manual Estimation
RL,Land,102,Iran (Islamic Republic of),5110,Area,6601,Land area,2012,162855000,Q,Official data reported on FAO Questionnaires from countries
RL,Land,103,Iraq,5110,Area,6601,Land area,2012,43432000,Fm,Manual Estimation
RL,Land,104,Ireland,5110,Area,6601,Land area,2012,6889000,Q,Official data reported on FAO Questionnaires from countries
RL,Land,105,Israel,5110,Area,6601,Land area,2012,2164000,W,Data reported on country official publications or web sites (Official) or trade country files
RL,Land,106,Italy,5110,Area,6601,Land area,2012,29414000,Fm,Manual Estimation
RL,Land,107,Côte d'Ivoire,5110,Area,6601,Land area,2012,31800000,Fm,Manual Estimation
RL,Land,108,Kazakhstan,5110,Area,6601,Land area,2012,269970000,Fm,Manual Estimation
RL,Land,109,Jamaica,5110,Area,6601,Land area,2012,1083000,Fm,Manual Estimation
RL,Land,110,Japan,5110,Area,6601,Land area,2012,36456000,Fm,Manual Estimation
RL,Land,112,Jordan,5110,Area,6601,Land area,2012,8878000,Q,Official data reported on FAO Questionnaires from countries
RL,Land,113,Kyrgyzstan,5110,Area,6601,Land area,2012,19180000,Fm,Manual Estimation
RL,Land,114,Kenya,5110,Area,6601,Land area,2012,56914000,Fm,Manual Estimation
RL,Land,115,Cambodia,5110,Area,6601,Land area,2012,17652000,Fm,Manual Estimation
RL,Land,116,Democratic People's Republic of Korea,5110,Area,6601,Land area,2012,12041000,Fm,Manual Estimation
RL,Land,117,Republic of Korea,5110,Area,6601,Land area,2012,9735000,Fm,Manual Estimation
RL,Land,118,Kuwait,5110,Area,6601,Land area,2012,1782000,W,Data reported on country official publications or web sites (Official) or trade country files
RL,Land,119,Latvia,5110,Area,6601,Land area,2012,6218000,Q,Official data reported on FAO Questionnaires from countries
RL,Land,120,Lao People's Democratic Republic,5110,Area,6601,Land area,2012,23080000,Fm,Manual Estimation
RL,Land,121,Lebanon,5110,Area,6601,Land area,2012,1023000,Fm,Manual Estimation
RL,Land,122,Lesotho,5110,Area,6601,Land area,2012,3036000,W,Data reported on country official publications or web sites (Official) or trade country files
RL,Land,123,Liberia,5110,Area,6601,Land area,2012,9632000,W,Data reported on country official publications or web sites (Official) or trade country files
RL,Land,124,Libya,5110,Area,6601,Land area,2012,175954000,W,Data reported on country official publications or web sites (Official) or trade country files
RL,Land,125,Liechtenstein,5110,Area,6601,Land area,2012,16000,W,Data reported on country official publications or web sites (Official) or trade country files
RL,Land,126,Lithuania,5110,Area,6601,Land area,2012,6267400,Q,Official data reported on FAO Questionnaires from countries
RL,Land,127,Marshall Islands,5110,Area,6601,Land area,2012,18000,W,Data reported on country official publications or web sites (Official) or trade country files
RL,Land,128,"China, Macao SAR",5110,Area,6601,Land area,2012,2990,Q,Official data reported on FAO Questionnaires from countries
RL,Land,129,Madagascar,5110,Area,6601,Land area,2012,58179500,Fm,Manual Estimation
RL,Land,130,Malawi,5110,Area,6601,Land area,2012,9428000,W,Data reported on country official publications or web sites (Official) or trade country files
RL,Land,131,Malaysia,5110,Area,6601,Land area,2012,32855000,Fm,Manual Estimation
RL,Land,132,Maldives,5110,Area,6601,Land area,2012,30000,W,Data reported on country official publications or web sites (Official) or trade country files
RL,Land,133,Mali,5110,Area,6601,Land area,2012,122019000,Fm,Manual Estimation
RL,Land,134,Malta,5110,Area,6601,Land area,2012,32000,Q,Official data reported on FAO Questionnaires from countries
RL,Land,135,Martinique,5110,Area,6601,Land area,2012,106000,Fm,Manual Estimation
RL,Land,136,Mauritania,5110,Area,6601,Land area,2012,103070000,W,Data reported on country official publications or web sites (Official) or trade country files
RL,Land,137,Mauritius,5110,Area,6601,Land area,2012,203000,Q,Official data reported on FAO Questionnaires from countries
RL,Land,138,Mexico,5110,Area,6601,Land area,2012,194395000,Q,Official data reported on FAO Questionnaires from countries
RL,Land,141,Mongolia,5110,Area,6601,Land area,2012,155356000,Fm,Manual Estimation
RL,Land,142,Montserrat,5110,Area,6601,Land area,2012,10000,W,Data reported on country official publications or web sites (Official) or trade country files
RL,Land,143,Morocco,5110,Area,6601,Land area,2012,44630000,Fm,Manual Estimation
RL,Land,144,Mozambique,5110,Area,6601,Land area,2012,78638000,W,Data reported on country official publications or web sites (Official) or trade country files
RL,Land,145,Micronesia (Federated States of),5110,Area,6601,Land area,2012,70000,W,Data reported on country official publications or web sites (Official) or trade country files
RL,Land,146,Republic of Moldova,5110,Area,6601,Land area,2012,3286000,Q,Official data reported on FAO Questionnaires from countries
RL,Land,147,Namibia,5110,Area,6601,Land area,2012,82329000,Fm,Manual Estimation
RL,Land,148,Nauru,5110,Area,6601,Land area,2012,2000,W,Data reported on country official publications or web sites (Official) or trade country files
RL,Land,149,Nepal,5110,Area,6601,Land area,2012,14335000,W,Data reported on country official publications or web sites (Official) or trade country files
RL,Land,150,Netherlands,5110,Area,6601,Land area,2012,3372000,Q,Official data reported on FAO Questionnaires from countries
RL,Land,151,Netherlands Antilles (former),5110,Area,6601,Land area,2012,80000,W,Data reported on country official publications or web sites (Official) or trade country files
RL,Land,153,New Caledonia,5110,Area,6601,Land area,2012,1828000,Q,Official data reported on FAO Questionnaires from countries
RL,Land,154,The former Yugoslav Republic of Macedonia,5110,Area,6601,Land area,2012,2522000,Q,Official data reported on FAO Questionnaires from countries
RL,Land,155,Vanuatu,5110,Area,6601,Land area,2012,1219000,Fm,Manual Estimation
RL,Land,156,New Zealand,5110,Area,6601,Land area,2012,26331000,Q,Official data reported on FAO Questionnaires from countries
RL,Land,157,Nicaragua,5110,Area,6601,Land area,2012,12034000,W,Data reported on country official publications or web sites (Official) or trade country files
RL,Land,158,Niger,5110,Area,6601,Land area,2012,126670000,Fm,Manual Estimation
RL,Land,159,Nigeria,5110,Area,6601,Land area,2012,91077000,Fm,Manual Estimation
RL,Land,160,Niue,5110,Area,6601,Land area,2012,26000,W,Data reported on country official publications or web sites (Official) or trade country files
RL,Land,161,Norfolk Island,5110,Area,6601,Land area,2012,4000,W,Data reported on country official publications or web sites (Official) or trade country files
RL,Land,162,Norway,5110,Area,6601,Land area,2012,36524500,Q,Official data reported on FAO Questionnaires from countries
RL,Land,163,Northern Mariana Islands,5110,Area,6601,Land area,2012,46000,W,Data reported on country official publications or web sites (Official) or trade country files
RL,Land,165,Pakistan,5110,Area,6601,Land area,2012,77088000,Fm,Manual Estimation
RL,Land,166,Panama,5110,Area,6601,Land area,2012,7434000,Fm,Manual Estimation
RL,Land,167,Czech Republic,5110,Area,6601,Land area,2012,7723000,Q,Official data reported on FAO Questionnaires from countries
RL,Land,168,Papua New Guinea,5110,Area,6601,Land area,2012,45286000,Fm,Manual Estimation
RL,Land,169,Paraguay,5110,Area,6601,Land area,2012,39730000,Fm,Manual Estimation
RL,Land,170,Peru,5110,Area,6601,Land area,2012,128000000,Fm,Manual Estimation
RL,Land,171,Philippines,5110,Area,6601,Land area,2012,29817000,W,Data reported on country official publications or web sites (Official) or trade country files
RL,Land,172,Pitcairn Islands,5110,Area,6601,Land area,2012,4700,W,Data reported on country official publications or web sites (Official) or trade country files
RL,Land,173,Poland,5110,Area,6601,Land area,2012,30622000,Q,Official data reported on FAO Questionnaires from countries
RL,Land,174,Portugal,5110,Area,6601,Land area,2012,9159000,Fm,Manual Estimation
RL,Land,175,Guinea-Bissau,5110,Area,6601,Land area,2012,2812000,Fm,Manual Estimation
RL,Land,176,Timor-Leste,5110,Area,6601,Land area,2012,1487000,Fm,Manual Estimation
RL,Land,177,Puerto Rico,5110,Area,6601,Land area,2012,887000,Fm,Manual Estimation
RL,Land,178,Eritrea,5110,Area,6601,Land area,2012,10100000,Fm,Manual Estimation
RL,Land,179,Qatar,5110,Area,6601,Land area,2012,1161000,Q,Official data reported on FAO Questionnaires from countries
RL,Land,180,Palau,5110,Area,6601,Land area,2012,46000,Fm,Manual Estimation
RL,Land,181,Zimbabwe,5110,Area,6601,Land area,2012,38685000,Fm,Manual Estimation
RL,Land,182,Réunion,5110,Area,6601,Land area,2012,250000,Fm,Manual Estimation
RL,Land,183,Romania,5110,Area,6601,Land area,2012,23002000,Q,Official data reported on FAO Questionnaires from countries
RL,Land,184,Rwanda,5110,Area,6601,Land area,2012,2467000,Fm,Manual Estimation
RL,Land,185,Russian Federation,5110,Area,6601,Land area,2012,1637687000,Fm,Manual Estimation
RL,Land,187,"Saint Helena, Ascension and Tristan da Cunha",5110,Area,6601,Land area,2012,39000,Fm,Manual Estimation
RL,Land,188,Saint Kitts and Nevis,5110,Area,6601,Land area,2012,26000,Q,Official data reported on FAO Questionnaires from countries
RL,Land,189,Saint Lucia,5110,Area,6601,Land area,2012,61000,Fm,Manual Estimation
RL,Land,190,Saint Pierre and Miquelon,5110,Area,6601,Land area,2012,23000,Fm,Manual Estimation
RL,Land,191,Saint Vincent and the Grenadines,5110,Area,6601,Land area,2012,39000,W,Data reported on country official publications or web sites (Official) or trade country files
RL,Land,192,San Marino,5110,Area,6601,Land area,2012,6000,W,Data reported on country official publications or web sites (Official) or trade country files
RL,Land,193,Sao Tome and Principe,5110,Area,6601,Land area,2012,96000,Fm,Manual Estimation
RL,Land,194,Saudi Arabia,5110,Area,6601,Land area,2012,214969000,W,Data reported on country official publications or web sites (Official) or trade country files
RL,Land,195,Senegal,5110,Area,6601,Land area,2012,19253000,Fm,Manual Estimation
RL,Land,196,Seychelles,5110,Area,6601,Land area,2012,46000,Fm,Manual Estimation
RL,Land,197,Sierra Leone,5110,Area,6601,Land area,2012,7218000,Fm,Manual Estimation
RL,Land,198,Slovenia,5110,Area,6601,Land area,2012,2014000,Q,Official data reported on FAO Questionnaires from countries
RL,Land,199,Slovakia,5110,Area,6601,Land area,2012,4808800,Q,Official data reported on FAO Questionnaires from countries
RL,Land,200,Singapore,5110,Area,6601,Land area,2012,70600,Fm,Manual Estimation
RL,Land,201,Somalia,5110,Area,6601,Land area,2012,62734000,Fm,Manual Estimation
RL,Land,202,South Africa,5110,Area,6601,Land area,2012,121309000,Fm,Manual Estimation
RL,Land,203,Spain,5110,Area,6601,Land area,2012,50021000,Q,Official data reported on FAO Questionnaires from countries
RL,Land,205,Western Sahara,5110,Area,6601,Land area,2012,26600000,I,"Country data reported by International Organizations where the country is a member (Semi-official) - WTO, EU, UNSD, etc."
RL,Land,207,Suriname,5110,Area,6601,Land area,2012,15600000,Fm,Manual Estimation
RL,Land,208,Tajikistan,5110,Area,6601,Land area,2012,13996000,Fm,Manual Estimation
RL,Land,209,Swaziland,5110,Area,6601,Land area,2012,1720000,Fm,Manual Estimation
RL,Land,210,Sweden,5110,Area,6601,Land area,2012,40734000,W,Data reported on country official publications or web sites (Official) or trade country files
RL,Land,211,Switzerland,5110,Area,6601,Land area,2012,3951600,Q,Official data reported on FAO Questionnaires from countries
RL,Land,212,Syrian Arab Republic,5110,Area,6601,Land area,2012,18363000,Q,Official data reported on FAO Questionnaires from countries
RL,Land,213,Turkmenistan,5110,Area,6601,Land area,2012,46993000,Fm,Manual Estimation
RL,Land,214,"China, Taiwan Province of",5110,Area,6601,Land area,2012,3541000,Fm,Manual Estimation
RL,Land,215,United Republic of Tanzania,5110,Area,6601,Land area,2012,88580000,Fm,Manual Estimation
RL,Land,216,Thailand,5110,Area,6601,Land area,2012,51089000,Fm,Manual Estimation
RL,Land,217,Togo,5110,Area,6601,Land area,2012,5439000,Fm,Manual Estimation
RL,Land,218,Tokelau,5110,Area,6601,Land area,2012,1000,W,Data reported on country official publications or web sites (Official) or trade country files
RL,Land,219,Tonga,5110,Area,6601,Land area,2012,72000,W,Data reported on country official publications or web sites (Official) or trade country files
RL,Land,220,Trinidad and Tobago,5110,Area,6601,Land area,2012,513000,W,Data reported on country official publications or web sites (Official) or trade country files
RL,Land,221,Oman,5110,Area,6601,Land area,2012,30950000,Q,Official data reported on FAO Questionnaires from countries
RL,Land,222,Tunisia,5110,Area,6601,Land area,2012,15536000,Q,Official data reported on FAO Questionnaires from countries
RL,Land,223,Turkey,5110,Area,6601,Land area,2012,76963000,Q,Official data reported on FAO Questionnaires from countries
RL,Land,224,Turks and Caicos Islands,5110,Area,6601,Land area,2012,95000,W,Data reported on country official publications or web sites (Official) or trade country files
RL,Land,225,United Arab Emirates,5110,Area,6601,Land area,2012,8360000,Fm,Manual Estimation
RL,Land,226,Uganda,5110,Area,6601,Land area,2012,20052000,W,Data reported on country official publications or web sites (Official) or trade country files
RL,Land,227,Tuvalu,5110,Area,6601,Land area,2012,3000,W,Data reported on country official publications or web sites (Official) or trade country files
RL,Land,229,United Kingdom,5110,Area,6601,Land area,2012,24193000,Q,Official data reported on FAO Questionnaires from countries
RL,Land,230,Ukraine,5110,Area,6601,Land area,2012,57932000,Q,Official data reported on FAO Questionnaires from countries
RL,Land,231,United States of America,5110,Area,6601,Land area,2012,914742000,Q,Official data reported on FAO Questionnaires from countries
RL,Land,233,Burkina Faso,5110,Area,6601,Land area,2012,27360000,Fm,Manual Estimation
RL,Land,234,Uruguay,5110,Area,6601,Land area,2012,17502000,Q,Official data reported on FAO Questionnaires from countries
RL,Land,235,Uzbekistan,5110,Area,6601,Land area,2012,42540000,Fm,Manual Estimation
RL,Land,236,Venezuela (Bolivarian Republic of),5110,Area,6601,Land area,2012,88205000,Fm,Manual Estimation
RL,Land,237,Viet Nam,5110,Area,6601,Land area,2012,31007000,Fm,Manual Estimation
RL,Land,238,Ethiopia,5110,Area,6601,Land area,2012,100000000,Fm,Manual Estimation
RL,Land,239,British Virgin Islands,5110,Area,6601,Land area,2012,15000,W,Data reported on country official publications or web sites (Official) or trade country files
RL,Land,240,United States Virgin Islands,5110,Area,6601,Land area,2012,35000,W,Data reported on country official publications or web sites (Official) or trade country files
RL,Land,243,Wallis and Futuna Islands,5110,Area,6601,Land area,2012,14000,W,Data reported on country official publications or web sites (Official) or trade country files
RL,Land,244,Samoa,5110,Area,6601,Land area,2012,283000,Fm,Manual Estimation
RL,Land,249,Yemen,5110,Area,6601,Land area,2012,52797000,Fm,Manual Estimation
RL,Land,250,Democratic Republic of the Congo,5110,Area,6601,Land area,2012,226705000,Fm,Manual Estimation
RL,Land,251,Zambia,5110,Area,6601,Land area,2012,74339000,Fm,Manual Estimation
RL,Land,255,Belgium,5110,Area,6601,Land area,2012,3028000,Q,Official data reported on FAO Questionnaires from countries
RL,Land,256,Luxembourg,5110,Area,6601,Land area,2012,259000,Q,Official data reported on FAO Questionnaires from countries
RL,Land,258,Anguilla,5110,Area,6601,Land area,2012,9000,W,Data reported on country official publications or web sites (Official) or trade country files
RL,Land,259,Channel Islands,5110,Area,6601,Land area,2012,19000,I,"Country data reported by International Organizations where the country is a member (Semi-official) - WTO, EU, UNSD, etc."
RL,Land,264,Isle of Man,5110,Area,6601,Land area,2012,57000,W,Data reported on country official publications or web sites (Official) or trade country files
RL,Land,270,Mayotte,5110,Area,6601,Land area,2012,37400,W,Data reported on country official publications or web sites (Official) or trade country files
RL,Land,272,Serbia,5110,Area,6601,Land area,2012,8746000,Fm,Manual Estimation
RL,Land,273,Montenegro,5110,Area,6601,Land area,2012,1345000,Fm,Manual Estimation
RL,Land,299,Occupied Palestinian Territory,5110,Area,6601,Land area,2012,602000,Q,Official data reported on FAO Questionnaires from countries
RL,Land,351,China,5110,Area,6601,Land area,2012,942470090,A,"Aggregate, may include official, semi-official, estimated or calculated data"
RL,Land,5000,World,5110,Area,6601,Land area,2012,13009332990,A,"Aggregate, may include official, semi-official, estimated or calculated data"
RL,Land,5100,Africa,5110,Area,6601,Land area,2012,2964919000,A,"Aggregate, may include official, semi-official, estimated or calculated data"
RL,Land,5101,Eastern Africa,5110,Area,6601,Land area,2012,605725000,A,"Aggregate, may include official, semi-official, estimated or calculated data"
RL,Land,5102,Middle Africa,5110,Area,6601,Land area,2012,649682000,A,"Aggregate, may include official, semi-official, estimated or calculated data"
RL,Land,5103,Northern Africa,5110,Area,6601,Land area,2012,838039000,A,"Aggregate, may include official, semi-official, estimated or calculated data"
RL,Land,5104,Southern Africa,5110,Area,6601,Land area,2012,265067000,A,"Aggregate, may include official, semi-official, estimated or calculated data"
RL,Land,5105,Western Africa,5110,Area,6601,Land area,2012,606406000,A,"Aggregate, may include official, semi-official, estimated or calculated data"
RL,Land,5200,Americas,5110,Area,6601,Land area,2012,3879104100,A,"Aggregate, may include official, semi-official, estimated or calculated data"
RL,Land,5203,Northern America,5110,Area,6601,Land area,2012,1865166000,A,"Aggregate, may include official, semi-official, estimated or calculated data"
RL,Land,5204,Central America,5110,Area,6601,Land area,2012,245227000,A,"Aggregate, may include official, semi-official, estimated or calculated data"
RL,Land,5206,Caribbean,5110,Area,6601,Land area,2012,22599900,A,"Aggregate, may include official, semi-official, estimated or calculated data"
RL,Land,5207,South America,5110,Area,6601,Land area,2012,1746111200,A,"Aggregate, may include official, semi-official, estimated or calculated data"
RL,Land,5300,Asia,5110,Area,6601,Land area,2012,3103313190,A,"Aggregate, may include official, semi-official, estimated or calculated data"
RL,Land,5301,Central Asia,5110,Area,6601,Land area,2012,392679000,A,"Aggregate, may include official, semi-official, estimated or calculated data"
RL,Land,5302,Eastern Asia,5110,Area,6601,Land area,2012,1156058090,A,"Aggregate, may include official, semi-official, estimated or calculated data"
RL,Land,5303,Southern Asia,5110,Area,6601,Land area,2012,640012700,A,"Aggregate, may include official, semi-official, estimated or calculated data"
RL,Land,5304,South-Eastern Asia,5110,Area,6601,Land area,2012,434056600,A,"Aggregate, may include official, semi-official, estimated or calculated data"
RL,Land,5305,Western Asia,5110,Area,6601,Land area,2012,480506800,A,"Aggregate, may include official, semi-official, estimated or calculated data"
RL,Land,5400,Europe,5110,Area,6601,Land area,2012,2213342000,A,"Aggregate, may include official, semi-official, estimated or calculated data"
RL,Land,5401,Eastern Europe,5110,Area,6601,Land area,2012,1805260800,A,"Aggregate, may include official, semi-official, estimated or calculated data"
RL,Land,5402,Northern Europe,5110,Area,6601,Land area,2012,169937500,A,"Aggregate, may include official, semi-official, estimated or calculated data"
RL,Land,5403,Southern Europe,5110,Area,6601,Land area,2012,129653000,A,"Aggregate, may include official, semi-official, estimated or calculated data"
RL,Land,5404,Western Europe,5110,Area,6601,Land area,2012,108490700,A,"Aggregate, may include official, semi-official, estimated or calculated data"
RL,Land,5500,Oceania,5110,Area,6601,Land area,2012,848654700,A,"Aggregate, may include official, semi-official, estimated or calculated data"
RL,Land,5501,Australia & New Zealand,5110,Area,6601,Land area,2012,794565000,A,"Aggregate, may include official, semi-official, estimated or calculated data"
RL,Land,5502,Melanesia,5110,Area,6601,Land area,2012,52959000,A,"Aggregate, may include official, semi-official, estimated or calculated data"
RL,Land,5503,Micronesia,5110,Area,6601,Land area,2012,317000,A,"Aggregate, may include official, semi-official, estimated or calculated data"
RL,Land,5504,Polynesia,5110,Area,6601,Land area,2012,813700,A,"Aggregate, may include official, semi-official, estimated or calculated data"
RL,Land,5706,European Union,5110,Area,6601,Land area,2012,423810300,A,"Aggregate, may include official, semi-official, estimated or calculated data"
RL,Land,5801,Least Developed Countries,5110,Area,6601,Land area,2012,2016691300,A,"Aggregate, may include official, semi-official, estimated or calculated data"
RL,Land,5802,Land Locked Developing Countries,5110,Area,6601,Land area,2012,1592763500,A,"Aggregate, may include official, semi-official, estimated or calculated data"
RL,Land,5803,Small Island Developing States,5110,Area,6601,Land area,2012,119571600,A,"Aggregate, may include official, semi-official, estimated or calculated data"
RL,Land,5815,Low Income Food Deficit Countries,5110,Area,6601,Land area,2012,2621845300,A,"Aggregate, may include official, semi-official, estimated or calculated data"
RL,Land,5817,Net Food Importing Developing Countries,5110,Area,6601,Land area,2012,2926292200,A,"Aggregate, may include official, semi-official, estimated or calculated data"
